<?xml version='1.0' encoding='ISO-8859-1'  ?>
<!DOCTYPE index
  PUBLIC "-//Sun Microsystems Inc.//DTD JavaHelp Index Version 1.0//EN"
         "http://java.sun.com/products/javahelp/index_1_0.dtd">

<index version="1.0">

<!-- Symbol --> 
   <indexitem text=" / vs. \ (URL file separators)" target="auth.setup.separators" />


<!-- A --> 
   <indexitem text="API viewer demo" target="rel.demos" />
   <indexitem text="API, JavaHelp location" target="rel.contents" />
   <indexitem text="authoring help information" target="auth.author" />

<!-- B --> 
   <indexitem text="browser demo" target="rel.demos" />
   <indexitem text="bug list" target="rel.limitations" />
   <indexitem text="button help" target="auth.csh.button" />

<!-- C --> 
   <indexitem text="changes since the 1.0 release" target="rel.changes" />
   <indexitem text="class libraries, JavaHelp" target="rel.libraries" />
   <indexitem text="config file (jhindexer command)" target="auth.jhindexer.config" />
   <indexitem text="content pane, bugs and limitations" target="rel.lim.html" />
   <indexitem text="contents, JavaHelp 1.1 release" target="rel.contents" />
   <indexitem text="context sensitive help:">
      <indexitem text="window-level help" target="auth.csh.window-level" />
      <indexitem text="field-level help" target="auth.csh.field-level" />
      <indexitem text="menu help" target="auth.csh.menu" />
      <indexitem text="button help" target="auth.csh.button" />
      <indexitem text="implementing context sensitive help" target="dev.csh" />
   </indexitem>
   <indexitem text="context sensitive help, implementing" target="dev.csh" />
   <indexitem text="CSS1 style sheets" target="rel.changes" />

<!-- D --> 
   <indexitem text="&lt;data&gt; tag (HelpSet file)" target="auth.helpset" />
   <indexitem text="demo programs" target="rel.demos" />
   <indexitem text="dialog boxes (modal), using with JavaHelp" target="rel.changes.modal" />
   <indexitem text="discussion group, JavaHelp" target="rel.touch" />
   <indexitem text="download packages" target="rel.contents" />

<!-- E --> 
   <indexitem text="email address, JavaHelp" target="rel.touch" />
   <indexitem text="embedding JavaHelp components" target="dev.embed" />
   <indexitem text="environment variables" target="rel.install" />
   <indexitem text="example HelpSets" target="rel.helpsets" />

<!-- F --> 
   <indexitem text="feature list, JavaHelp" target="over.features" />
   <indexitem text="feedback to JavaHelp team" target="rel.touch" />
   <indexitem text="field-level help" target="auth.csh.field-level" />
   <indexitem text="file separators--URL ( / vs. \ )" target="auth.setup.separators" />
   <indexitem text="fonts, changing in popups" target="auth.popup" />
   <indexitem text="full-text search:">
      <indexitem text="how searching works" target="auth.search" />
      <indexitem text="scenarios" target="over.search" />
      <indexitem text="creating the search database" target="auth.searchdb" />
      <indexitem text="localizing the search database" target="loc.search" />
      <indexitem text="testing the search database with the jhsearch command" target="auth.jhsearch" />
   </indexitem>

<!-- G --> 
   <indexitem text="Getting Started:">
      <indexitem text="The JavaHelp 1.1 Release" target="rel.release" />
      <indexitem text="Authoring HelpSets" target="auth.author" />
      <indexitem text="Programming with the JavaHelp System" target="dev.dev" />
   </indexitem>

<!-- H --> 
   <indexitem text="HelpBroker:">
      <indexitem text="general use" target="dev.basics.HelpBroker" />
      <indexitem text="context-sensitive help" target="dev.csh.HelpBroker" />
   </indexitem>
   <indexitem text="HelpSets:">
      <indexitem text="HelpSet file" target="auth.helpset" />
      <indexitem text="localizing" target="loc.helpset" />
      <indexitem text="localized examples" target="rel.helpsets" />
      <indexitem text="viewing HelpSets" target="auth.viewing" />
      <indexitem text="merging" target="merge.merge" />
      <indexitem text="samples of" target="rel.helpsets" />
      <indexitem text="packaging HelpSet data for delivery" target="auth/setup.html#hs_data" />
   </indexitem>
   <indexitem text="HelpSet viewer, see 'hsviewer'" />
   <indexitem text="HTML viewer, see 'content pane'" />
   <indexitem text="help viewer, see 'content pane'" />
   <indexitem text="&lt;homeID&gt; tag (HelpSet file)" target="auth.helpset" />
   <indexitem text="hsviewer" target="auth.viewing" />

<!-- I --> 
   <indexitem text="IDE demo (application help)" target="rel.demos" />
   <indexitem text="index file" target="auth.index" />
   <indexitem text="&lt;index&gt; tag (index file)" target="auth.index" />
   <indexitem text="&lt;indexitem&gt; tag (index file)" target="auth.index" />
   <indexitem text="installation:">
      <indexitem text="setting environment variables" target="rel.install" />
      <indexitem text="PATH environment variable" target="rel.install" />
      <indexitem text="JHHOME environment variable" target="rel.install" />
   </indexitem>
   <indexitem text="introduction, JavaHelp" target="over.intro" />

<!-- J --> 
   <indexitem text="JAR (Java ARchive)" target="auth.setup.jar" />
   <indexitem text="Java components (lightweight)" target="dev.lwcomp" />
   <indexitem text="JDK" target="rel.requirements" />
   <indexitem text="JDK 1.2 features" target="rel.requirements" />
   <indexitem text="JHHOME environment variable" target="rel.install" />
   <indexitem text="JHSecondaryViewer Component" target="auth.pop_obj" />
   <indexitem text="jh.jar" target="rel.libraries" />
   <indexitem text="javahelp-comments@eng.sun.com" target="rel.touch" />
   <indexitem text="jhall.jar" target="rel.libraries" />
   <indexitem text="jhbasic.jar" target="rel.libraries" />
   <indexitem text="jhindexer command" target="auth.jhindexer" />
   <indexitem text="jhtools.jar" target="rel.libraries" />
   <indexitem text="jhsearch command" target="auth.jhsearch" />
   <indexitem text="jhsearch.jar" target="rel.libraries" />

<!-- K --> 

<!-- L --> 
   <indexitem text="&lt;label&gt; tag (HelpSet file)" target="auth.helpset" />
   <indexitem text="libraries, JavaHelp" target="rel.libraries" />
   <indexitem text="lightweight Java components" target="dev.lwcomp" />
   <indexitem text="limitations, JavaHelp" target="rel.limitations" />
   <indexitem text="linking topics" target="auth.setup" />
   <indexitem text="localization:">
      <indexitem text="help viewer" target="loc.pres" />
      <indexitem text="HelpSets" target="loc.helpset" />
      <indexitem text="XML data" target="loc.xml" />
      <indexitem text="HTML data" target="loc.html" />
      <indexitem text="fonts" target="loc.font" />
      <indexitem text="full-text search" target="loc.search" />
   </indexitem>
   <indexitem text="localized sample HelpSets" target="rel.demos" />

<!-- M --> 
   <indexitem text="mailing list" target="rel.touch" />
   <indexitem text="map file:">
      <indexitem text="map file defined" target="auth.map" />
      <indexitem text="including in JAR file" target="auth.setup.map_jar" />
   </indexitem>
   <indexitem text="&lt;map&gt; tag (map file)" target="auth.map" />
   <indexitem text="&lt;mapID&gt; tag (map file)" target="auth.map" />
   <indexitem text="&lt;maps&gt; tag (HelpSet file)" target="auth.helpset" />
   <indexitem text="master HelpSet file (merging)" target="merge.merge" />
   <indexitem text="menu help" target="auth.csh.menu" />
   <indexitem text="merge demo" target="rel.demos" />
   <indexitem text="merging HelpSets:">
      <indexitem text="'empty' master HelpSet" target="merge.merge" />
      <indexitem text="master HelpSet" target="merge.merge" />
      <indexitem text="'empty' master HelpSet" target="merge.merge" />
      <indexitem text="static vs. dynamic merging" target="merge.merge" />
      <indexitem text="&lt;subhelpset&gt; tag" target="merge.merge" />
   </indexitem>
   <indexitem text="modal dialogs, using with JavaHelp" target="rel.changes.modal" />

<!-- N --> 
   <indexitem text="&lt;name&gt; tag (HelpSet file)" target="auth.helpset" />

<!-- O --> 
   <indexitem text="object demo (popups/secondary windows)" target="rel.demos.object" />
   <indexitem text="&lt;object&gt; HTML tag:">
      <indexitem text="popup and secondary windows" target="auth.pop_obj" />
      <indexitem text="&lt;object&gt; HTML tag (lightweight Java components)" target="dev.lwcomp" />
   </indexitem>
   <indexitem text="overview, JavaHelp" target="over.overview" />

<!-- P --> 
   <indexitem text="PATH environment variable" target="rel.install" />
   <indexitem text="packaging help information for delivery" target="auth.setup.packaging" />
   <indexitem text="&lt;param&gt; HTML tag:">
      <indexitem text="popup and secondary windows" target="auth.pop_obj" />
      <indexitem text="lightweight Java components" target="dev.lwcomp" />
   </indexitem>
   <indexitem text="platforms, supported" target="rel.requirements" />
   <indexitem text="platforms, tested" target="rel.requirements" />
   <indexitem text="popup and secondary windows:">
      <indexitem text="using popup and secondary windows" target="auth.popup" />
      <indexitem text="adding to topics" target="auth.popup_obj" />
      <indexitem text="JHSecondaryViewer Component" target="auth.pop_obj" />
   </indexitem>
   <indexitem text="printing topic pages" target="rel.changes" />
   <indexitem text="programming with the JavaHelp system" target="dev.dev" />

<!-- Q --> 

<!-- R --> 
   <indexitem text="ranking (full-text search)" target="auth.search" />
   <indexitem text="relaxation ranking (full-text search)" target="auth.search" />
   <indexitem text="release, contents of" target="rel.contents" />

<!-- S --> 
   <indexitem text="Swing requirements" target="rel.requirements" />
   <indexitem text="sample HelpSets" target="rel.helpsets" />
   <indexitem text="scenarios for using JavaHelp" target="over.scenarios" />
   <indexitem text="search (full-text), see 'full-text search'" />
   <indexitem text="secondary windows, see 'popup and secondary windows'" />
   <indexitem text="separators (URL) ( / vs. \ )" target="auth.setup.separators" />
   <indexitem text="source code:">
      <indexitem text="demo programs" target="rel.demos" />
      <indexitem text="JavaHelp source files" target="rel.contents" />
      <indexitem text="JavaHelp components (popups and secondary windows)" target="dev.lwcomp" />
   </indexitem>
   <indexitem text="specification, JavaHelp" target="rel.contents" />
   <indexitem text="stop words (jhindexer command)" target="auth.jhindexer.stopwords" />
   <indexitem text="style sheets (CSS1)" target="rel.changes" />
   <indexitem text="&lt;subhelpset&gt; tag (HelpSet file)" target="auth.helpset" />
   <indexitem text="support (email questions)" target="rel.touch" />

<!-- T --> 
   <indexitem text="table of contents file" target="auth.toc" />
   <indexitem text="tags (XML metadata):">
      <indexitem text="&lt;title&gt; (HelpSet file)" target="auth.helpset" />
      <indexitem text="&lt;maps&gt; (HelpSet file)" target="auth.helpset" />
      <indexitem text="&lt;homeID&gt; (HelpSet file)" target="auth.helpset" />
      <indexitem text="&lt;view&gt; (HelpSet file)" target="auth.helpset" />
      <indexitem text="&lt;name&gt; (HelpSet file)" target="auth.helpset" />
      <indexitem text="&lt;label&gt; (HelpSet file)" target="auth.helpset" />
      <indexitem text="&lt;data&gt; (HelpSet file)" target="auth.helpset" />
      <indexitem text="&lt;subhelpset&gt; (HelpSet file)" target="auth.helpset" />
      <indexitem text="&lt;map&gt; (map file)" target="auth.map" />
      <indexitem text="&lt;mapID&gt; (map file)" target="auth.map" />
      <indexitem text="&lt;toc&gt; (table of contents file)" target="auth.toc" />
      <indexitem text="&lt;tocitem&gt; (table of contents file)" target="auth.toc" />
      <indexitem text="&lt;index&gt; (index file)" target="auth.index" />
      <indexitem text="&lt;indexitem&gt; (index file)" target="auth.index" />
   </indexitem>
   <indexitem text="&lt;title&gt; tag (HelpSet file)" target="auth.helpset" />
   <indexitem text="&lt;toc&gt; tag (table of contents file)" target="auth.toc" />
   <indexitem text="&lt;tocitem&gt; tag (table of contents file)" target="auth.toc" />
   <indexitem text="tools, JavaHelp" target="rel.libraries" />
   <indexitem text="topic hierarchy" target="auth.setup" />

<!-- U --> 
   <indexitem text="URL file separators ( / vs. \ )" target="auth.setup.separators" />


<!-- V --> 
   <indexitem text="variables, environment" target="rel.install" />
   <indexitem text="&lt;view&gt; tag (HelpSet file)" target="auth.helpset" />
   <indexitem text="viewer (HelpSet), see 'hsviewer'" />
   <indexitem text="viewing HelpSets" target="auth.viewing" />

<!-- W --> 
   <indexitem text="web site, JavaHelp" target="rel.touch" />
   <indexitem text="window-level help" target="auth.csh.window-level" />
   <indexitem text="windows, popup/secondary" target="auth.popup" />

<!-- X --> 

<!-- Y --> 

<!-- Z --> 

</index>


